{"cameraMode":{"drawMode":0,"name":"Shaded","section":"Shading Mode"},"sceneLighting":true,"audioPlay":false,"sceneViewState":{"m_AlwaysRefresh":false,"showFog":true,"showSkybox":true,"showFlares":true,"showImageEffects":true,"showParticleSystems":true,"showVisualEffectGraphs":true,"m_FxEnabled":true},"in2DMode":false,"pivot":{"x":-0.9376584887504578,"y":1.5411015748977662,"z":0.7287732362747192},"rotation":{"x":0.6925966143608093,"y":0.0007855985313653946,"z":-0.0009254172910004854,"w":0.7214317321777344},"size":3.4413857460021974,"orthographic":false}